American Vintage,1
Angel Dear,2
Baby Cz,3
Baby CZ,4
Baby Luigi,5
Bambino,6
Busy Bees,7
Carolina Zapf,8
CPC,9
CPC Design,10
Dani,11
Darcy Brown,12
E Land,13
Florence Eiseman,14
Honest Company,15
Issac Mizrahi,16
Jeanine Johnsen,17
Kissy Kissy,18
Laran Ginha,19
Laranjiha,20
Larinjiha,21
Lucky Brand,22
Luigi Kids,23
Margery Ellen,24
Marniere,25
Miss B,26
Monteau Girl,27
Nabee,28
Nautica,29
New Jammies,30
Oscar De La Renta,31
nan,32
Papo D Anjo,33
Perit Bateau,34
Petit Bateau,35
Petit Bateu,36
Rachel Riley,37
Ralph Lauren,38
Sara Louise,39
Sarah Louise,40
Stella Cove,41
TF Laurence,42
TF Lawrence,43
Three Hearts,44
Tommy Hilfiger,45
Vineyard Vines,46
