Blue/White Striped,1
Denim,2
Blue Orange,3
Blue Yellow,4
Navy/WHite,5
Navy/Vanilla,6
Vanilla/Navy,7
Navy,8
Emberglow,9
Light Grey,10
Striped Pink,11
Lavendar,12
Light Pink,13
Blue,14
Orange,15
White,16
Navy/ FR Blue,17
Navy/Dark Grey,18
Double Striped Navy/Red,19
Double Striped Teak Navy,20
Navy/Orange,21
Navy/Red Nautical Stripe,22
Nicky Silver,23
Striped Ragland Navy Red,24
Light Blue,25
Navy/Baby Blue,26
Navy/Green,27
Navy/Light Blue,28
Navy/White,29
Purple/White,30
Red/White,31
Red Plaid,32
Blue Turqoise,33
Blue/White,34
Gingham Navy,35
Gingham Purple,36
Gingham Red,37
RNCR,38
Navy/Charcoal,39
Charcoal,40
Barn Charcoal,41
Black,42
Dark Sky Blue,43
Multi Purple Peter Pan Floral,44
Pink/Lavendar Peter Pan Floral,45
Cream Multi,46
Pink,47
Silver,48
Navy/Cream,49
Rose,50
Field Flower,51
Gold/Cream,52
Red/Cream,53
Snow Pink,54
Cream/Multi,55
Cream/Pink,56
Cream,57
White/Navy,58
Whie/Multi,59
Red,60
Peach,61
White/Multi,62
White/Pink,63
Plum,64
Moon/Navy,65
Baby Blue/Cream,66
Baby Blue,67
Navy/White Nautical,68
French Blue,69
Silver Cream,70
Silver/Cream,71
Crimson,72
Tweed Large Check,73
Blue Cream,74
Grey,75
Moon/White,76
Striped Ragland Navy Cream,77
Moon,78
Light Blue/White,79
Bright Pink/White,80
Light Pink/Cream,81
Pink/Green,82
Green/White,83
Yellow/Blue Stripe,84
Green/Navy,85
Turquoise/White,86
Turquoise Floral,87
Pink/White,88
White Floral,89
Blue/Red Check,90
Teak Check,91
Teak/White,92
Teak/Navy,93
Brown,94
Brown/Navy,95
Color Block French Blue/Navy,96
Dark Grey,97
Dark Grey/Blue,98
Slim Earl Plaid,99
Cornflower Blue,100
Turqoise Navy Checkered,101
Light Blue/Navy,102
Green/Multi,103
Red/Green/Blue ,104
Green/Blue/White,105
Red/Navy,106
Yellow/Blue/White,107
Green/Blue Wide Stripe,108
Red/Blue Stripe,109
Yellow/Blue Wide Stripe,110
Aquamarine,111
Bright Pink,112
Navy Polka Dot,113
Dark Peach,114
Gold Dots,115
Purple Paisley,116
Red Paisley,117
Teal/Hot Pink,118
Navy/White Stripe w/Pink,119
Cream/Purple,120
Gold,121
White w/ Navy trim,122
White w/ Pink trim,123
Navy Striped,124
Washed Indigo Denim,125
Red/Black/White,126
Blue Stripe,127
Sea Plane,128
Toby Check,129
Cream Red Tan,130
Blue/White/Brown,131
Blue/White/Red,132
Red/Grey,133
Turqoise/Blue,134
Tan/Multi,135
Cornflower Blue w/ Bow,136
Cornflower Blue/White Striped,137
Khaki,138
Brown Tweed,139
Royal Blue,140
Navy Gingham,141
Dark Khaki,142
EK Red,143
Hickory,144
Green,145
Azure Blue,146
Coral/Navy,147
Pistachio/Navy,148
Red/Blue/White,149
Green/Blue,150
Navy/Coral,151
Green Grapes,152
Pistachio,153
Salmon (Navy Lobster),154
Stone,155
Sugar Coral,156
Navy/White/Orange,157
Bali Navy,158
Navy Blue (8410842),159
Purple,160
Aqua,161
Teal Starfish,162
Peach/White,163
White Navy,164
Royal/White,165
Pink White,166
White Aqua,167
Red/White/Black,168
Navy/Blue,169
Blue Floral,170
Pink Horses,171
Blue Plaid,172
Green Check,173
Pink Plaid,174
Pink Gingham,175
White/Light Blue,176
Light Blue Gingham,177
White Outerspace,178
Light Blue Duckling,179
White Lighthouse,180
White Sailboat,181
White/Blue,182
White/Yellow,183
White/Blue/Red,184
White Roses,185
Grey/White,186
Pink Dots,187
Pink Floral,188
White/Red,189
Light Blue/ Red,190
Grey/Blue,191
White w/ Crowns,192
White w/ Snowflake,193
White/Silver,194
Fuschia,195
Blue/Cream,196
White w/ Black Stripe,197
Light Green,198
Xmas,199
White w/ Whales,200
Red/Green,201
Violet Gingham,202
Periwinkle,203
Orchid,204
Violet Multi,205
White/Violet,206
Violet/Green,207
nan,208
Violet/White,209
Ivory/Violet,210
White/Navy Striped,211
Navy/White/Red,212
Dark Denim,213
Grey/Navy,214
Slate,215
Ivory,216
Tan,217
Grey/Red Trim,218
White/Navy Pinstripe,219
Gingham Royal Blue,220
Red Slide Stripe,221
Aqua/Yellow,222
Tan/White,223
Blue/White ,224
Burgundy/Ivory,225
Navy/Ivory,226
Bright Blue Stripe,227
Coral Pink,228
Navy Dots,229
Olive,230
Grey/Pink,231
White/Green,232
Coral,233
Burgundy,234
Indigo,235
Charcoal/Silver,236
Navy/Brown,237
Pink/Turquoise,238
Red/White Striped,239
White/Silver/Navy,240
Pink/Black,241
Red Striped,242
Teal/Mauve,243
Striped Navy/Grey,244
Sea Foam Blue w/ Boat,245
Navy/White Striped,246
White/Navy ,247
Grey/Red,248
Navy/Red,249
Beige Plaid,250
Cream/Blue,251
Burgundy/Grey,252
Cream/Brown,253
Green Navy,254
Maroon Plaid,255
Green/Cream,256
Putple,257
Coral/White,258
Blue Gingham,259
Herringbone Grey,260
Navy/Red/White,261
Red/Navy/White,262
Apricot,263
Frill Dark Sky Blue,264
Frill Turquoise,265
Grey w/ Grapes,266
Red Anchor Print,267
Wine,268
Aqua/Pink,269
Cat Grey/Pink,270
Damasque Royal Blue,271
Damasque Silver,272
Grey Polka Dots,273
Poppy Hearts,274
Red/Gold,275
Yellow Polka Dots,276
Bordeaux,277
Duck Egg,278
Sky Blue,279
Pink Ivory,280
Navy Blue Polka Dot,281
Navy Blue Polka Dot/Red Bow,282
Maroon/Grey,283
Cream/Red,284
Hot Pink,285
Ivory/Blue,286
Caramel/Red,287
Lilac,288
White Boat Print,289
Navy/Tan,290
Ivory/Navy ,291
Navy/Silver,292
Ivory/Purple,293
Yellow/White,294
Navy/Gold,295
Cream/Gold,296
Rose Pink,297
Light Red,298
Navy ,299
Jade,300
Turquoise,301
Navy w/ Anchor,302
Pink/Cream,303
Nautical Navy,304
Grey Ivory,305
Grey/Ivory,306
Blue Ivory,307
Cream w/ Snowflakes,308
White Stripe,309
Light Brown,310
Floral Blue,311
White/Bright Pink,312
Pink Print,313
White/Purple,314
Ruffle White,315
Hot Pink Print,316
Turquoise/Pink,317
Multi,318
Navy Anchor,319
Blue/Green,320
Blue Check,321
Light Khaki,322
Light Steel,323
Blue Blazer,324
Blue Point,325
Vanilla,326
Navy/Pink,327
