nan,1
Chambray,2
Plaid,3
Marbled,4
Stripes,5
Solid,6
Pointelle Knit,7
Solid Knit,8
Airplane Graphic,9
Gingham,10
Denim,11
Flower,12
Ruffle,13
Crochet,14
Crochet Lounge,15
Flowers,16
Floral,17
Soiid,18
Ruffle Front,19
Solid w/ Trim,20
Striped,21
Wide Stripe,22
Lobster,23
Striped w/ Whale,24
Cordoroy,25
Mini Stripes,26
Check,27
Cordorouy,28
Horse Shield,29
Searucker,30
Stripe,31
Chevron,32
Motorcycle,33
Daisy Print,34
Paisley,35
Dots,36
Scallop,37
Searsucker,38
Searsucket,39
Anchors,40
Searsucker Anchor,41
Airplane Embroidered,42
Reindeer,43
Fagin Fairisle ,44
Ribbons,45
Codurouy,46
Lacrosse,47
Dogs,48
Cars,49
Whales,50
Shark,51
Whale,52
Block Stripe,53
Shoes,54
Umbrellas,55
Snowflake,56
Logo,57
Circus,58
Airplane,59
Giraffe,60
Sailboat Decal,61
Stars,62
Ducking,63
Fair Isle,64
Solid w/ Fair Isle Trim,65
Zoo,66
Solid w/ Gingham Trimmed,67
Solid ,68
Palms,69
Moose Graphic/Stripes,70
Stripe w/ Decal,71
Striped w/ Decal,72
Color Blocked,73
Color Block,74
Side Stripe,75
Solid w/ Elbow Patches,76
Solid w/Trim,77
Snowflakes,78
Micro Check,79
Anchor,80
Flamingos,81
Desserts,82
Sea Horse,83
Hearts,84
Deer,85
Poodles,86
Robin ,87
Polar Bear,88
Dot/Bow,89
Cherries,90
Butterfly,91
Beach,92
Swan,93
Links,94
Lace,95
Gold Striped Waistband,96
Heart Pocket,97
Solid Frill,98
Houndstooth,99
Eyelete Lace,100
Diamond,101
Aztec,102
Polka Dots,103
Beach ,104
Scotty Dogs,105
Heart,106
Broadway Ruffle,107
